<?xml version="1.0" encoding="UTF-8" standalone="yes"?>
<ResponseCache continueOnError="false" enabled="true" name="RC-Response-Busqueda-Empleados">
    <DisplayName>RC-Response-Busqueda-Empleados</DisplayName>
    <Properties/>
    <CacheKey>
        <Prefix/>
        <KeyFragment ref="request.formparam.idEmpleado" type="string"/>
    </CacheKey>
    <Scope>Application</Scope>
    <ExpirySettings>
        <ExpiryDate/>
        <TimeOfDay/>
        <TimeoutInSec ref="">3600</TimeoutInSec>
    </ExpirySettings>
    <SkipCacheLookup/>
    <SkipCachePopulation/>
</ResponseCache>