<SharedFlowBundle revision="1" name="SF-Datos">
    <DisplayName></DisplayName>
    <Description></Description>
    <CreatedAt>1708044528221</CreatedAt>
    <LastModifiedAt>1708044528221</LastModifiedAt>
    <Policies>
        <Policy>JS-Request</Policy>
        <Policy>LC-Busqueda-Empleado</Policy>
        <Policy>PC-Request-Datos</Policy>
        <Policy>RC-Response-Busqueda-Empleados</Policy>
    </Policies>
    <Resources>
        <Resource>jsc://JS-Request.js</Resource>
    </Resources>
    <SharedFlows>
        <SharedFlow>SF-Datos</SharedFlow>
    </SharedFlows>
    <subType>SharedFlow</subType>
</SharedFlowBundle>